quelle,episode,index_string,index_binar
000_ballast,ballast,ballast,0
300_301_302_554 kat_dbID5880,text,e302_c_verlust_des_OB_wird_artikuliert, 
300_301_302_554 kat_dbID5880,text,e513a_a_Sechse_kommen_durch_die_ganze_Welt, 
300_301_302_554 kat_dbID5880,text,e301_i_vom_betreten_des_wohnsitzes_des_AN_bis_zur_befreiehung_des_OB, 
300_301_302_554 kat_dbID5880,text,e302_k_erkundigung_ueber_den_aufenthaltsort_des_lebens_des_AN, 
300_301_302_554 kat_dbID5880,text,e302_m_kampf_bis_zum_sieg, 
300_301_302_554 kat_dbID5880,text,e301_k_empfang_des_OB_und_verrat_vom_FH, 
300_301_302_554 kat_dbID5880,text,e301_m_entkommen_aus_dem_haus_des_AN, 
300_301_302_554 kat_dbID5880,text,e300_c_anfangssituation_ankunft_und_erkundigung_der_not, 
300_301_302_554 kat_dbID5880,text,e300_e_vorfeld_des_kampfes_bis_zum_sieg, 
300_301_302_554 kat_dbID5880,text,e300_i_rueckkehr_des_OB_und_die_suche_nach_dem_HD, 
300_301_302_554 kat_dbID5880,text,e300_o_auftritt_des_HD_vor_dem_AG_bis_zur_erkennung_seiner_heldentat, 
300_301_302_554 kat_dbID5880,text,e554_e_leistung_des_HD_gegenueber_dem_tier_und_aussprechen_der_dankbarkeit, 
300_301_302_554 kat_dbID5880,text,e300_q_von_der_begegnung_mit_dem_vogel_bis_zum_ende_des_fluges, 
300_301_302_554 kat_dbID5880,text,e301_o_von_der_rueckkehr_an_die_oberflaeche_bis_zur_loesung_der_durch_den_raub_ausgeloesten_krise, 
300_301_302_554 kat_dbID5880,text,e302_o_befreiung_des_OB_bis_zur_belohnung_des_HD_oder_erneuten_mangelsituation, 
300_301_312D_554 kat_dbID3290,text,e312d_a_ 
300_301_312D_554 kat_dbID3290,text,e301_c_verlust_des_OB, 
300_301_312D_554 kat_dbID3290,text,e301_e_vom_beginn_der_aktivitaet_bis_zum_finden_der_raststaette_oder_eines_einganges, 
300_301_312D_554 kat_dbID3290,text,e301_i_vom_betreten_des_wohnsitzes_des_AN_bis_zur_befreiehung_des_OB, 
300_301_312D_554 kat_dbID3290,text,e301_k_empfang_des_OB_und_verrat_vom_FH, 
300_301_312D_554 kat_dbID3290,text,e301_m_entkommen_aus_dem_haus_des_AN, 
300_301_312D_554 kat_dbID3290,text,e300_c_anfangssituation_ankunft_und_erkundigung_der_not, 
300_301_312D_554 kat_dbID3290,text,e300_e_vorfeld_des_kampfes_bis_zum_sieg, 
300_301_312D_554 kat_dbID3290,text,e300_i_rueckkehr_des_OB_und_die_suche_nach_dem_HD, 
300_301_312D_554 kat_dbID3290,text,e300_o_auftritt_des_HD_vor_dem_AG_bis_zur_erkennung_seiner_heldentat, 
300_301_312D_554 kat_dbID3290,text,e554_e_leistung_des_HD_gegenueber_dem_tier_und_aussprechen_der_dankbarkeit, 
300_301_312D_554 kat_dbID3290,text,e300_q_von_der_begegnung_mit_dem_vogel_bis_zum_ende_des_fluges, 
300_301_312D_554 kat_dbID3290,text,e301_o_von_der_rueckkehr_an_die_oberflaeche_bis_zur_loesung_der_durch_den_raub_ausgeloesten_krise, 
300_301_313_314A_315A_530_554 kat_dbID2935,text,e327a_a_Haensel_und_Gretel, 
300_301_313_314A_315A_530_554 kat_dbID2935,text,e300_c_anfangssituation_ankunft_und_erkundigung_der_not, 
300_301_313_314A_315A_530_554 kat_dbID2935,text,e300_e_vorfeld_des_kampfes_bis_zum_sieg, 
300_301_313_314A_315A_530_554 kat_dbID2935,text,e300_g_nach_dem_sieg_bis_zur_trennung_des_HD_und_des_OB, 
300_301_313_314A_315A_530_554 kat_dbID2935,text,e300_i_rueckkehr_des_OB_und_die_suche_nach_dem_HD, 
300_301_313_314A_315A_530_554 kat_dbID2935,text,e300_o_auftritt_des_HD_vor_dem_AG_bis_zur_erkennung_seiner_heldentat, 
300_301_313_314A_315A_530_554 kat_dbID2935,text,e314a_a_Der_Hirt_und_die_drei_Riesen, 
300_301_313_314A_315A_530_554 kat_dbID2935,text,e315a_a_Menschenfressende_Schwester, 
300_301_313_314A_315A_530_554 kat_dbID2935,text,e313_a_Die_magische_Flucht, 
300_301_313_314A_315A_530_554 kat_dbID2935,text,e554_e_leistung_des_HD_gegenueber_dem_tier_und_aussprechen_der_dankbarkeit, 
300_301_313_314A_315A_530_554 kat_dbID2935,text,e301_o_von_der_rueckkehr_an_die_oberflaeche_bis_zur_loesung_der_durch_den_raub_ausgeloesten_krise, 
300_301_313_314A_315A_530_554 kat_dbID2935,text,e530_a_Die_Koenigstochter_auf_dem_Glasberg 
300_301_328_513A_554_CoM_kat_ID21,war es oder war es nicht was konnte besser sein als gott es war einmal eine witwe die hatte vier kleine kinder drei soehne und eine tochter die soehne wuchsen heran und da sagte die mutter zu ihnen meine kinder warum geht ihr nicht arbeiten so ohne aufsicht geht unser ganzer besitz verloren die soehne aber wussten gar nichts von ihrem besitz und so begannen sie die mutter zu fragen woraus er bestehe und wo er sei da erzaehlte ihnen die mutter dass sie da und da land besaessen weit entfernt schien es den soehnen zu sein und sie sagten wie kommen wir an einen so fernen ort wer traegt uns da essen und trinken hin da sagte die mutter geht ihr nur hin ich aber schicke euch das essen durch eure schwester die brueder willigten ein und machten sich fertig die mutter gab ihnen knoblauch und zwiebel mit auf den weg und sagte werft unterwegs die schalen hin und wenn die schwester euch das essen bringt so wird sie den weg an den schalen erkennen so machten sich die brueder auf zur arbeit den ganzen weg ueber reissen sie blaettchen von der zwiebel und vom knoblauch ab und werfen sie auf die erde an diesem wege aber lebte ein hundertkoepfiger dev einmal ging die mutter dieses dev hinaus auf den weg und sah  der ganze weg war von zwiebelblaettchen uebersaet sie sammelte all diese blaettchen auf und bestreute mit ihnen den weg zum hause des dev es vergingen drei tage da dachte die mutter sicherlich ist meinen soehnen schon aller proviant ausgegangen sie bereitete alles was noetig war legte es in ein buendel warf es der tochter um die schulter und schickte sie zu den bruedern das maedchen geht schaut auf die erde und sucht immer nach den blaettchen der zwiebel und des knoblauchs den weg sie ging und ging und gelangte an ein haus sie schaut hin  da sitzt eine alte in dem hause da fragte das maedchen mutter um alles heiligen willen sage  arbeiten hier nicht meine brueder  wo sollen hier deine brueder sein sagte die alte hier lebt nur der hundertkoepfige dev komm ich werde dich verstecken sonst kommt der dev erblickt dich  und frisst dich aufdie mutter des dev fuehrte das maedchen fort und versteckte es ploetzlich taucht der dev auf er schleppte holz und wildes getier herbei er warf alles von seinem ruecken trat ins haus und sagte zu der alten den geruch adams rieche ich wer ist hier bei dir  was du nicht sagst mein sohn sagte die mutter hier fliegt weder ein vogel am himmel noch kriecht hier eine ameise ueber den boden so fuerchten dich alle nein der dev laesst sich nicht abweisen die alte blieb zuerst standhaft doch dann bekannte sie bei mir ist ein maedchen versteckt ich will dass du es zur frau nimmst versprich es nicht zu fressen dann werde ich es dir zeigen das versprach der dev und die alte holte das maedchen hervor der dev erblickte das maedchen es gefiel ihm sehr und er nahm es zur frau die brueder aber warteten und warteten auf die schwester dann hielten sie es nicht laenger aus gingen nach hause und sagen zur mutter warum hast du uns nichts zu essen geschickt als die mutter das hoerte begann sie zu jammern und zu weinen an diesem wege lebt ein hundertkoepfiger dev sicherlich hat er sie gefangen und gefressen der verfluchte wie die brueder von dem hundertkoepfigen dev hoerten standen sie sofort auf und gingen los die schwester zu befreien gingen sie viel gingen sie wenig schliesslich gelangten sie an das haus des hundertkoepfigen dev da steht auf dem dach des hauses ihre schwester und bei ihr die mutter des dev die witterte die juenglinge und sagte zur schwiegertochter ah schau hin ist da nicht etwas zu sehen darauf sagte die schwiegertochter etwas ist in der ferne zu sehen von der groesse einer fliege  weh ueber ihre mutter und weh ueber die mutter meines sohnes sagte die mutter des dev aber nun schau ob sie nicht herkommen sagt wiederum die mutter des dev da schaute die schwiegertochter hin und sagte drei leute kommen her  weh ueber ihre mutter und weh ueber die mutter meines sohnes jammerte abermals die mutter des dev die drei brueder naeherten sich dem haus des dev neben dem haus war ein tiefer fluss da warfen die brueder eine menge steine in den fluss und durchwateten ihn die schwester erkannte ihre brueder stuerzte ihnen entgegen umarmt erst den einen dann die anderen da erkannte die mutter des dev dass dies die brueder ihrer schwiegertochter waren sie fuehrte sie ins haus gab ihnen zu essen und ver steckte sie denn wenn mein sohn kommt und euch erblickt so frisst er euch auf unversehens kam auch der hundertkoepfige dev auf der einen schulter trug er holz auf der anderen erschlagenes getier er warf alles von den schultern trat ins haus und sprach den geruch adams rieche ich hast du nicht noch jemanden hier die alte blieb zuerst standhaft doch dann bekannte sie die brueder deiner frau sind hier versprich sie nicht zu fressen dann zeige ich sie dir der dev versprach es da holte die mutter alle drei brueder hervor bald sagte der dev zu den bruedern seiner frau steht auf es ist zeit sich zum essen zu bereiten da standen sie alle auf und begannen das getier auszuweiden welches der dev herangeschleppt hatte waehrend die drei brueder einem hirsch die haut abziehen hatte der dev schon dreimal zwanzig hirsche ausgeweidet und in den kessel geworfen dann ging er zu den bruedern entriss ihnen einen hirsch griff ihn einmal ein zweites mal und warf ihn in den kessel sie setzten sich zum mittagessen und der dev fragte die brueder was esst ihr die knochen oder das fleisch woher denn fleisch uns genuegen auch die knochen da macht sich der dev ueber das essen her das fleisch verschlingt er selber den schwaegern aber wirft er nur die knochen hin der dev fragte noch trinkt ihr aus kruegen oder aus dem horn wie sollten wir aus kruegen trinken wir trinken aus dem horn sagen die brueder da schluckt der dev den wein aus den kruegen die brueder aber trinken mit muehe aus hoernern sie beendeten das mittagessen und bereiten sich zum schlafen wiederum fragt der dev wie schlaft ihr im bett oder im stall woher denn im bett wir uebernachten im stall sagen die brueder da legte sich der dev ins bett die schwaeger aber schickte er in den stall am anderen morgen stand der dev auf und sagt zu seiner mutter mutter ich will essen die mutter verstand und sagt damit es die schwiegertochter nicht erriet geh soehnchen in den stall dort sind in einer kiste drei kleine brote nimm sie und iss sie da ging der dev in den stall wo die brueder seiner frau schliefen einen verschluckte er gleich dort in der tuer zwei stopfte er sich unter den arm und machte sich fort in den wald,e328_a_, 
300_301_554_bskifa_15_30,die mutter wartet und wartet wartet doch die brueder kommen nicht da wusste sie dass der dev sie verschlungen hatte und sie weinte und graemte sich so weint sie weint  und ihr weinen dringt bis zum himmel da geht ein mann vorbei der fragte warum sie sich so graemt da erzaehlte ihm die mutter wie sie alle ihre kinder verlor da gab ihr dieser mann einen apfel und sagte schneide diesen apfel in hundert feine blaettchen und jeden tag iss drei dieser blaettchen sowie du alle hundert blaettchen gegessen hast wirst du einen sohn gebaeren nenne ihn hundertblaettchen und das tat die mutter sie schnitt den apfel in hundert feine blaettchen und jeden tag ass sie drei blaettchen so ass sie den ganzen apfel auf wurde schwanger und gebar einen sohn den nannte die mutter hundertblaettchen,eCoM_c_conceptia_magica, 
300_301_554_bskifa_15_30,der eine waechst in jahren hunderblaettchen aber in tagen da spielt einmal hundertblaettchen mit seinen kameraden das babchenspiel es geht eine alte vorbei sie traegt einen krug voll wasser auf der schulter da warf hundertblaettchen den knoechel er drehte sich und fiel in den krug dieser alten der krug zersprang und alles wasser floss aus da wurde die alte zornig und schrie ich verfluche dich nicht  als einziger bist du deiner mutter geblieben wenn du aber so gewandt bist warum gehst du nicht hin deine brueder und deine schwester aus den klauen des dev zu erretten hunderblaettchen hatte davon nichts gewusst als er es hoerte lief er heim und sagt mutter gib mir die brust ich will ein wenig saugen  wo denkst du hin sagt die mutter ziemt es dir noch an der brust zu saugen nein der sohn laesst nicht ab griff mit den zaehnen die warze der mutterbrust und spricht sag habe ich brueder die mutter will nicht sprechen es schmerzt sie aber doch sehr und da erzaehlte sie alles wie es gewesen ist als hundertblaettchen alles erfahren hatte wollte er sich auf den weg machen wie die mutter ihn auch bat wie sie ihn zu ueberreden suchte er hoerte nicht auf sie und ging fort er ging ging ob viel oder wenig  endlich kam er an ein feld auf dem feld pfluegen pflueger den boden hundertblaettchen erblickte sie und schreit he he rettet euch der hundertkoepfige dev kommt als sie das hoerten erschraken sie warfen alles hin und liefen in alle himmelsrichtungen auseinander hundertblaettchen trat heran lud sich den pflug auf den ruecken undtrug ihn zum schmied er brachte ihn hin und spricht mache mir aus diesem eisen einen bogen pfeile und ein paar schuhe der schmied machte ihm alles da zog hundertblaettchen die eisernen schuhe an nahm den bogen und die pfeile und machte sich auf die suche nach dem hundertkoepfigen dev ob er nun viel ging oder wenig  endlich gelangte er an das haus dieses dev auf dem dach sitzt die mutter des dev sieht dass aus der ferne jemand kommt und sagt zur schwiegertochter ah schau her ist es wahr dass dort jemand kommt oder taeuschen mich meine augen da sah auch die schwiegertochter dass wirklich jemand kommt und die mutter des dev begann zu wehklagen ach weh den brustwarzen seiner mutter und weh den brustwarzen der mutter meines sohnes hundertblaettchen aber kommt immer naeher er kam heran sprang ueber den fluss und ging geradewegs ins haus hinein er erblickte die junge frau und dachte sicherlich ist das meine schwester die schwester weiss nicht dass ihr noch ein bruder geboren wurde da erzaehlte ihr hundertblaettchen alles und sie glaubte ihm die mutter des dev kam und sagte komm soehnchen verbirg dich bald kommt mein sohn der dev und frisst dich wenn er dich sieht hundertblaettchen wurde zornig mach dass du fortkommst hexe scham und schande auf dein haupt und auf das haupt deines sohnes er jagte sie fort und begann auf den dev zu warten da erschien auch der dev kommt daher und schleppt ganze baeume mit wurzeln unter dem arm auf dem ruecken aber traegt er eine menge wilder tiere der dev sah  neben seinem hause geht ein junge spazieren da sagt er zu sich hier fliegt oben kein vogel und kriecht unten keine ameise so fuerchten mich alle  wer wagt es hier so urnherzuspazieren wuetend ist der devdie funken spruehen ihm nur so aus den augen er flog zum juengling und bruellte wer bist du weshalb bist du hierher gekommen  ich bin der bruder deiner frau dein gast nimm mich auf sagte hundertblaettchen gut sagte der dev lass uns das mittagessen bereiten ich habe viel gejagt wilde tiere heimgebracht das muss alles gehaeutet ausgenommen und gekocht werdensie fingen an als der dev aber einem tier kaum das fell abgezogen hatte da hatte hundertblaettchen schon eines nach dem anderen alle tiere ergriffen ausgeweidet in stuecke geschnitten in den kessel geworfen und gekocht das sieht der dev und staunt das essen wurde gar und sie setzten sich zum mahl da begann der dev zu fragen was isst du das fleisch oder die knochen  gib mir fleisch bin ich etwa ein hund dass ich knochen abnagen soll schreit hundertblaettchen der dev tat ihm fleisch auf und fragt wie trinkst du aus dem horn oder aus dem krug  reiche mir aus kruegen zu trinken was sollen mir deine hoerner da reichte ihm der dev einen krug und wurde nachdenklich sie bereiteten sich zum schlafen und abermals fragt der dev schlaefst du im stall oder im bett  wie denn im stall richte mir ein bett schreit hundertblaettchen da legte sich hundertblaettchen ins bett der dev aber begab sich zum schlafen in den stall der dev liegt da und er kann nicht einschlafen immerfort ueberlegt er wie er den gast loswerden koennte der dev ueberlegte und ueberlegte dann entschied er jetzt schlaeft mein schwager sicherlich schon er stand auf nahm von der wand ein riesiges schwert und begann es zu wetzen der dev wetzt das schwert hundertblaettchen aber erwachte begriff was los war stand ganz leise vom bett auf legte statt seiner einen baumstumpf hinein deckte ihn mit der decke zu und versteckte sich der dev aber hatte das schwert wie einen diamanten geschliffen und ging zum hause oeffnete die tuer einen spalt weit schluepfte ins zimmer schlich sich zum bett holte aus und schwang sein schwert mit aller kraft auf den baumstumpf der dev haut und haut mit dem schwert haut so dass der staub aufwirbelt haut und sagt dazu aha brueste du dich jetzt noch einmal brueste dich dann beruhigte sich der dev ging hinaus und lehnte die tuer an hundertblaettchen aber trat herzu schuettelte das bett auf legte sich hin und schlief ein am naechsten morgen erblickte ihn der dev staunte und fragte was hat dich in der nacht nichts beunruhigt  nein sagt hundertblaettchen und haben dich die floehe nicht gebissen  nein sie haben mich nicht gebissen  so lass uns miteinander kaempfen  kaempfen wir sagt hundertblaettchen und sie stuerzten aufeinander losder dev reckt sich aus springt in alle richtungen zuckt er  aber er bewegt hundertblaettchen nicht von der stelle da holte hundertblaettchen aus hob den dev hoch und stiess ihn bis zur kehle in die erde er ergriff einen bogen spannte ihn und schrie sage sofort wo du meine brueder hast sonst fliegt der pfeil los da erschrak der dev und bittet toete mich nicht ich will alles erzaehlen ich habe im bauch ein kleines schaechtelchen dort liegen alle drei brueder dort ist auch noch ein tuch faehrst du mit ihm ueber die brueder so erwachen sie zum leben wie hundertblaettchen das hoerte zerschlug er dem dev den bauch holte das schaechtelchen heraus nahm das tuch fuhr damit einmal und noch einmal ueber die brueder und erweckte sie zum leben dann nahm er den pfeil toetete den dev zerhieb ihn in kleine stueckchen und machte sich an die mutter des dev und er vernichtete auch sie,e328_a_, 
300_301_554_bskifa_15_30,er setzte sich dann und erzaehlte den bruedern alles von sich da verstanden die brueder dass hundertblaettchen ihr bruder ist nur schlich sich ihnen der neid ins herz darueber dass der juengste bruder behender und staerker war als sie gleichwohl standen sie auf und machten sich zusammen auf den heimweg unterwegs mussten sie ein feld ueberqueren auf diesem feld aber steht ein baum der war so gross dass er das ganze feld mit seinem blattwerk bedeckt hundertblaettchen sah diesen baum und sagt zu seinen bruedern ich bin muede lasst uns hier ausruhen wir wollen ein wenig schlafen die brueder willigten ein wir haben gesehen wie er mit diesem hundertkoepfigen dev abgerechnet hat setz dich etwas weiter fort und lass uns miteinander fluestern  wir haben gesehen wie er mit diesem hundertkoepfigen dev abgerechnet hat und was wird er mit uns tun wir wollen ihn an diesen baum binden und ihn so zuruecklassen gesagt getan sie holten ruten herbei wanden sie umeinander flochten seile und banden den bruder so straff an den baum dass dem armen hundertblaettchen das blut unter den naegeln hervorquoll als die schwester sah was sie mit hundertblaettchen anstellen bittet sie die brueder weint aber sie hoeren nicht auf sie sie banden hundertblaettchen an den baum nahmen die schwester und gingen fort sie kamen nach hause und die schwester erzaehlte der mutter allesdie mutter begann zu weinen zu schreien schilt ihre drei soehne aus aber was konnte da ihr in ihrem kummer noch helfen,e328_a_, 
300_301_554_bskifa_15_30,hundertblaettchen aber erwachte sah dass er an den baum gebunden war wollte ziehen nein  nicht einmal bewegen kann er sich er schaute sich um nirgends waren die brueder zu sehen da begriff er alles und begann gott zu bitten herr wenn ich in irgend etwas schuldig bin vor den bruedern so toete mich hier an diesem baum sind sie aber vor mir schuldig so gib mir die kraft diesen ganzen baum mitsamt seinen wurzeln auszureissen kaum hatte er es gesagt so zog er und riss den ganzen baum aus der erde da stand hundertblaettchen auf so mit dem baum ueber den schultern und ging heim er kam nach hause und schrie den bruedern zu kommt sogleich heraus und bindet mir die haende auseinander wie ihn die brueder erblickten erbleichten sie vor schrecken und waeren fast zu boden gestuerzt aber was sollten sie tun  sie rannten alle herbei und banden den bruder los hundertblaettchen raechte sich an den bruedern nicht nur leben mit ihnen zusammen wollte er nicht mehr und so beschloss er von hause fortzugehen da bitten ihn die mutter und die schwester bleibe hier geh nicht fort nein hundertblaettchen ging trotzdem fort,e328_a_, 
300_301_554_bskifa_15_30,ging er viel oder wenig endlich tritt er auf ein feld hinaus er sieht wie da ein mann geht pfluegt nimmt einen klumpen erde steckt ihn in den mund und schluckt ihn herunter hundertblaettchen schaute hin schaute hin hielt es nicht aus und fragt mann wie schluckst du diese klumpen  hundertblaettchen hat den hundertkoepfigen dev besiegt und du staunst dass ich einen erdklumpen verschluckte sagt dieser klumpenesser so lass uns brueder sein sagt hundertblaettchen sie verbruederten sich und gingen zusammen weiter gingen sie viel oder wenig sie traten auf ein anderes feld hinaus sehen da geht ein mensch an jedes bein hat er einen muehlstein gebunden unterm wams traegt er zwei hasen er geht laesst die hasen frei jagt ihnen nach holt sie ein und faengt sie hundertblaettchen schaute auf ihn schaute und schrie wie holst du diese hasen ein  hundertblaettchen hat den hundertkoepfigen dev besiegt und du staunst dass ich zwei hasen fing sagt dieser hasenfaenger hier ist er hundertblaettchen sagt klumpenesser so lass uns brueder sein sie verbruederten sich und gingen alle zusammen weiter,e513a_a_, 
300_301_554_bskifa_15_30,unterwegs beschlossen die kameraden pfeile abzuschiessen und wo sie niederfallen dort wollten sieein wenig essen als erster schofss klumpenesser seinen pfeil ab der pfeil flog los und fiel zu boden aber unguenstig trotzdem gingen sie dorthin und assen zu mittag dann schoss hasenfaenger seinen pfeil ab dieser fiel auch nicht sehr guenstig zu boden dort assen sie zu abend jetzt schoss hundertblaettchen seinen pfeil ab der pfeil flog und bohrte sich in das haus von devs mitten in den geschirrschrank in diesem haus lebten drei devs und an diesem tage feierten sie hochzeit mit drei schoenen die devs erblickten den pfeil und vergassen die hochzeit stuerzten auf den pfeil und wollten ihn aus dem geschirrschrank herausziehen sie ziehen und ziehen und koennen ihn nicht von der stelle bewegen da dachten die devs mit diesem pfeil koennen wir nicht zurechtkommen aber was wird wenn der kommt der ihn mit solcher kraft geschossen hat sie erschraken und liefen alle auseinander nur ein lahmer dev blieb zurueck kroch in den kamin und versteckte sich dort da kamen unsere kameraden setzten sich an den bereiteten mittagstisch freuten sich werfen ihre muetzen an die decke dann beschlossen sie nach der reihe wird einer von uns zu hause bleiben und das essen bereiten,e301_e_vom_beginn_der_aktivitaet_bis_zum_finden_der_raststaette_oder_eines_einganges,0 
300_301_554_bskifa_15_30,am ersten tag blieb klumpenesser zu hause er bereitete das essen richtete es an und sieht ploetzlich wie aus dem kamin der lahme dev herausklettert und spricht schenk mir ein und reich mir zu essen klumpenesser schenkte ihm ein und reichte ihm zu essen schenk mir was einund reich mir zu essen sagte der dev wiederum abermals schenkte ihm klumpenesser ein und reichte ihm zu essen schenk mir ein und reich mir zu essen sagte der dev von neuem da wurde klumpenesser zornig was soll das heissen immer schenk mir ein und reich mir zu essen so isst du mir alles auf womit soll ich denn meine kameraden sattmachen schenk ein und reich mir zu essen schreit der dev tust du es nicht so verschlinge ich dich zusammen mit allem essen da erschrak klumpenesser sprang aus dem haus und lief fort der dev setzte sich und schluckte das ganze essen hinunter die kameraden kamen sie sehen es ist nichts zu essen da was tun irgendwie hielten sie durch und am naechsten tag liessen sie hasenfaenger zu hause und mit ihm ging es genauso wie mit klumpenesser da kam die reihe auch an hundertblaettchen er bereitete reichlich von jeglicher nahrung setzte sich hin und wartete auf die kameraden ploetzlich sieht er aus dem kamin kriecht ein lahmer dev schenk mir ein und gib mir zu essen mach mich satt sagt er da schenkte ihm hundertblaettchen ein und reichte ihm zu essen schenk mir ein und reich mir zu essen sagt der dev abermals wiederum schenkte hundertblaettchen ihm ein und reichte ihm zu essen und zum drittenmal sagt der dev schenk mir ein und reich mir zu essen immerzu schenk mir ein und reich mir zu essen sagt hundertblaettchen und womit soll ich meine kameraden sattmachen  reich mir zu essen sonst verschlinge ich dich zusammen mit deinem essen schreit der dev da laechelte hundertblaettchen nahm den bogen schoss einen pfeil ab der zerriss den dev in zwei teile der kopf des dev rollte auf die eine seite der koerper aber auf die andere der kopf schreit glueck dem der mir folgt der koerper aber schreit weh dem der mir folgt da kamen auch die kameraden nach hause zurueck assen ein wenig tranken ein wenig und sagen gehen wir und schauen was uns dieser devkopf gutes verspricht so gingen sie der kopf rollte und rollte und rollte in eine tiefe grube hinein,e301_g_vom_finder_einer_nachtrast_bis_zum_betreten_der_welt_des_AN,0 
300_301_554_bskifa_15_30,da warf hundertblaettchen einen blick in die grube und sieht da sitzen drei schoene maedchen die waren so schoen wie man noch keine unter der sonne gesehen hatte sehr gefielen sie ihm und er sagte wir wollen sie fortfuehren von hier und sie uns zu frauen nehmen als erster kletterte klumpenesser in die grube kaum war er aber bis zur mitte gelangt da schrie er ich brenne ich brenne zieht mich hoch sie zogen 覺hn hoch sie liessen den hasenfaenger hinab und mit ihm ging es ebenso da kam die reihe an hundertblaettchen hundertblaettchen sagte soviel ich auch schreien sollte ich brenne ich brenne so lasst mich doch immer tiefer hinab hundertblaettchen schreit ich brenne ich brenne aber seine kameraden hoeren nicht auf ihn immer tiefer und tiefer lassen s覺e ihn hinab hundertblaettchen gelangte auf den grund betrachtet die schoenenalle sind sie huebsch eine besser als die andere die juengste aber ist die beste von allen da liess er zuerst die aelteste hinaufziehen und schrie klumpenesser zu die ist fuer dich er liess die zweite hinaufziehen und schrie hasenfaenger zu die ist fuer dich er will seine braut hinaufziehen lassen die aber spricht nein lass dich zuerst hinaufziehen sonst verraten dich die kameraden und lassen dich allein hier zurueck hundertblaettchen hoert nicht du musst dich schon wohl oder uebel zuerst hinaufziehen lassen gut sagte die schoene aber sei gewiss kaum haben deine kameraden mich hinaufgezogen so werden sie sogleich die grube zuschuetten und dich im stich lassen bleibst du allein zurueck dann schau dich gut um so wirst du hier drei quellen erblicken eine schwarze eine blaue und eine weisse du musst aber wissen halte deinen kopf weder unter das schwarze noch unter das blaue wassersondern nur unter das weisse tust du es nicht so gehst du zugrunde und so geschah es kaum hatten die kameraden die braut hundertblaettchens hinaufgezogen als sie die grube zuschuetteten hundertblaettchen im stich liessen und fortgingen da wurde hundertblaettchen zornig so zornig dass er weder richtig hinsehen noch abwarten konnte er erblickte zuerst die schwarze quelle hielt seinen kopf darunter und im selben augenblick stuerzte er hinab in das unterirdische koenigreich,e301_k_empfang_des_OB_und_verrat_vom_FH,0 
300_301_554_bskifa_15_30,da schaute hundertblaettchen sich um sieht ein haeuschen im haeuschen ist eine alte da ging er hin und bittet gib mir wasser zu trinken grossmuetterchen ach soehnchen sagt die alte ich wuerde dir gern zu trinken geben aber alles wasser ist mir ausgegangen jetzt muessen wir warten bis der drache die tochter unseres koenigs fortholt wieso ein drache fragt hundertblaettchen da erzaehlte die alte ein drache ergriff besitz von unserem wasser und jedesmal wenn man wasser holen will muessen wir ihm maedchen dalassen alle haben ihm schon tribut gezahlt jetzt ist die reihe am koenig heute muessen sie seine tochter dem drachen zufuehren,e300_c_anfangssituation_ankunft_und_erkundigung_der_not, 
300_301_554_bskifa_15_30,was sagst du da mutter gib mir ein gefaess gleich bringe ich dir wasser sagt hundertblaettchen die alte laesst ihn nicht aber hundertblaettchen hoert nicht auf sie da trug ihm die alte zwei kruege heraushundertblaettchen ergriff die kruege schlug sie gegeneinander zerbrach sie und warf sie fort was ist das fuer geschirr gib mir richtige bottiche wenn ich schon gehe dann so dass es sich auch lohnt da zeigte ihm die alte wo ihre bottiche eingegraben sind hundertblaettchen riss die bottiche aus der erde und trug sie fort er gelangte ans wasser da sieht er ein junges reich gekleidetes maedchen sitzen das weint und graemt sich hundertblaettchen fragte es aus und erfuhr dass es jene koenigstochter ist und sagt ich bin etwas muede und will ein wenig schlafen du aber schau dass du mich aufweckst wenn der drache erscheint er lehnte seinen kopf an ihre knie und schlief ein da zeigte sich der drache das maedchen wagte nicht hundertblaettchen aufzuwecken es weinte nur noch staerker sie weint weint da tropfte eine traene aus ihren wimpern und fiel hundertblaettchen auf die wange er erwachte sah den drachen sprang auf schoss einen pfeil auf ihn und der zerriss ihn im augenblick 覺n zwei teile,e300_e_vorfeld_des_kampfes_bis_zum_sieg, 
300_301_554_bskifa_15_30,da freute sich die koenigstochter lief zum vater um ihn aufzuheitern so und so man hat den drachen erschlagen der koenig glaubt es nicht er will esnicht glauben erst als alle davon sprachen glaubte er es und begann zu suchen wer diesen drachen getoetet hatte um ihm zur belohnung seine tochter zur frau zu geben und sein halbes koenigreich obendrein sie suchten und suchten sie fanden hundertblaettchen nicht da kommt einmal diese alte zum koenig und spricht grosser herr erweise mir und meinem sohn eine gnade der koenig aber wusste dass sie keinen sohn hatte und spricht woher hast du einen sohn bekommen du warst doch kinderlos  gott schenkte mir einen sohn und der hat unseren drachen getoetet sagte die alte da freute sich der koenig dass sich dieser retter gefunden harte und schickte sogleich seine kundschafter und wesire nach ihm,e300_i_rueckkehr_des_OB_und_die_suche_nach_dem_HD, 
300_301_554_bskifa_15_30,da kam hundertblaettchen der koenig begruesste ihn und gab ihm geschenke nein nichts will hundertblaettchen haben und sagt zum koenig laesst du mich auf unsere helle welt hinaufsteigen ist es gut laesst du mich nicht so brauche ich nichts von dir da san覺n der koenig lange nach aber was sollte er tun er versprach ihm zu helfen,e300_o_auftritt_des_HD_vor_dem_AG_bis_zur_erkennung_seiner_heldentat, 
300_301_554_bskifa_15_30,hundertblaettchen aber ging zu seiner pflegemutter da geht er und sieht hoch oben auf einem baum oben im wipfeldas nest von paskundzi ueber dem nest aber kreist ein drachen nest sitzen junge die schreien als hundertblaettchen das gesehen hatte spannte er seinen bogen in einem augenblick ging dem drachen der atem aus,e554_e_leistung_des_HD_gegenueber_dem_tier_und_aussprechen_der_dankbarkeit, 
300_301_554_bskifa_15_30,da flog auch die vogelmutter herbei paskundzi die jungen erzaehlten ihr so und so war die sache und dieser juengling da hat uns gerettet da ging paskundzi zu hundertblaettchen und spricht erbitte von mir was du willst ich werde dir jeden dienst erweisen da sagte hundertblaettchen bringst du mich hinauf in unsere helle welt dann ist es gut tust du es aber nicht so brauche ich von dir nichts das ist sehr schwer sagt paskundzi aber was kann man tun ich muss dir das gute vergelten das du mir getan hast dalehrte paskundzi ihn was er mit sich auf den weg nehmen sollte hundertblaettchen eilte zum koenig und bat ihn fuer die reise auszustatten sie gaben ihm alles was noetig war und entliessen ihn da setzte sich paskund2i hundertblaettchen auf die schultern und flog los paskundaei pfeift wendet ihren kopf um da legt ihr hundertblaettchen nahrung in den schnabel und sie fliegen weiter fast waren sie schon ganz auf unsere helle welt gelangt da pfiff paskundzi zum letztenmal hundertblaettchen aber war schon alle nahrung ausgegangen da schnitt er sich aus dem fuss einen muskel ab und legte ihn paskundaei in den schnabel sehr schmackhaft erschien dieses fleisch paskund2i sie frass es nicht auf sondern versteckte es unter der zunge sie kamen oben an und pa5kund2i spricht nun leb wohl freund steige von meinen schultern und geh deines weges hundertblaettchen stieg ab und geht er lahmt da fragte paskundaei was hast du weshalb lahmst du da erzaehlte es hundertblaettchen ihr nun holte paskundzi das fleisch hervor das sie unter der zunge verborgen hatte legte es an seinen ort heilte es an und flog fort,e300_q_von_der_begegnung_mit_dem_vogel_bis_zum_ende_des_fluges, 
300_301_554_bskifa_15_30,da machte sich hundertblaettchen auf die suche nach seinen mitbruedern er ging und ging ging er viel oder wenig endlich gelangte er an einen ort da sieht er  seine beiden mitbrueder heiraten gerade diese schoenen die so schoen waren wie man noch keine unter der sonne gesehen hat da spannte hundertblaettchen seinen bogen und spricht auf die bueffelkuehe oder die ochsen und die juengste schwester spricht die bueffelkuehe sind in keiner weise schuldig auf die ochsenda schoss hundertblaettchen seinen pfeil auf seine beiden mitbrueder und toetete sie dann nahm er die schoenen mit die juengste heiratete er selbst die aelteren aber gab er seinen bruedern,e301_o_von_der_rueckkehr_an_die_oberflaeche_bis_zur_loesung_der_durch_den_raub_ausgeloesten_krise, 
300_301_516_554_CoM kat_dbID11051,text,eCoM_c_conceptia_magica, 
300_301_516_554_CoM kat_dbID11051,text,e516_e_fernliebe_bis_zum_aufbruch_zur_suche_der_traumfrau, 
300_301_516_554_CoM kat_dbID11051,text,e516_k_gewinnung_der_braut, 
300_301_516_554_CoM kat_dbID11051,text,e301_c_verlust_des_OB, 
300_301_516_554_CoM kat_dbID11051,text,e301_e_vom_beginn_der_aktivitaet_bis_zum_finden_der_raststaette_oder_eines_einganges, 
300_301_516_554_CoM kat_dbID11051,text,e301_g_vom_finder_einer_nachtrast_bis_zum_betreten_der_welt_des_AN, 
300_301_516_554_CoM kat_dbID11051,text,e301_i_vom_betreten_des_wohnsitzes_des_AN_bis_zur_befreiehung_des_OB, 
300_301_516_554_CoM kat_dbID11051,text,e301_k_empfang_des_OB_und_verrat_vom_FH, 
300_301_516_554_CoM kat_dbID11051,text,e301_m_entkommen_aus_dem_haus_des_AN, 
300_301_516_554_CoM kat_dbID11051,text,e300_c_anfangssituation_ankunft_und_erkundigung_der_not, 
300_301_516_554_CoM kat_dbID11051,text,e300_e_vorfeld_des_kampfes_bis_zum_sieg, 
300_301_516_554_CoM kat_dbID11051,text,e300_i_rueckkehr_des_OB_und_die_suche_nach_dem_HD, 
300_301_516_554_CoM kat_dbID11051,text,e300_o_auftritt_des_HD_vor_dem_AG_bis_zur_erkennung_seiner_heldentat, 
300_301_516_554_CoM kat_dbID11051,text,e554_e_leistung_des_HD_gegenueber_dem_tier_und_aussprechen_der_dankbarkeit, 
300_301_516_554_CoM kat_dbID11051,text,e300_q_von_der_begegnung_mit_dem_vogel_bis_zum_ende_des_fluges, 
300_301_516_554_CoM kat_dbID11051,text,e301_o_von_der_rueckkehr_an_die_oberflaeche_bis_zur_loesung_der_durch_den_raub_ausgeloesten_krise, 
300_301_516_554_CoM kat_dbID11051,text,e516_m_rueckkehr_und_belauschung_den_schicksalskuender, 
300_301_516_554_CoM kat_dbID11051,text,e516_o_abwehr_der_vorletzten_gefahr, 
300_301_516_554_CoM kat_dbID11051,text,e516_q_abwehr_der_letzten_gefahr, 
300_301_516_554_CoM kat_dbID11051,text,e516_s_erklaerung_und_konsequenzen, 
300_301_516_554_CoM kat_dbID11051,text,e516_u_erfahren_ueber_das_erloesungsmittel_bis_zum_erloesung, 
300_301_516_554_CoM kat_dbID11051,text,e516_w_glueckliches_ende, 
300_301_516_554_CoM kat_dbID12119,text,eCoM_c_conceptia_magica, 
300_301_516_554_CoM kat_dbID12119,text,e516_e_fernliebe_bis_zum_aufbruch_zur_suche_der_traumfrau, 
300_301_516_554_CoM kat_dbID12119,text,e516_k_gewinnung_der_braut, 
300_301_516_554_CoM kat_dbID12119,text,e301_c_verlust_des_OB, 
300_301_516_554_CoM kat_dbID12119,text,e301_e_vom_beginn_der_aktivitaet_bis_zum_finden_der_raststaette_oder_eines_einganges, 
300_301_516_554_CoM kat_dbID12119,text,e301_g_vom_finder_einer_nachtrast_bis_zum_betreten_der_welt_des_AN, 
300_301_516_554_CoM kat_dbID12119,text,e301_i_vom_betreten_des_wohnsitzes_des_AN_bis_zur_befreiehung_des_OB, 
300_301_516_554_CoM kat_dbID12119,text,e301_k_empfang_des_OB_und_verrat_vom_FH, 
300_301_516_554_CoM kat_dbID12119,text,e301_m_entkommen_aus_dem_haus_des_AN, 
300_301_516_554_CoM kat_dbID12119,text,e300_c_anfangssituation_ankunft_und_erkundigung_der_not, 
300_301_516_554_CoM kat_dbID12119,text,e300_e_vorfeld_des_kampfes_bis_zum_sieg, 
300_301_516_554_CoM kat_dbID12119,text,e300_i_rueckkehr_des_OB_und_die_suche_nach_dem_HD, 
300_301_516_554_CoM kat_dbID12119,text,e300_o_auftritt_des_HD_vor_dem_AG_bis_zur_erkennung_seiner_heldentat, 
300_301_516_554_CoM kat_dbID12119,text,e554_e_leistung_des_HD_gegenueber_dem_tier_und_aussprechen_der_dankbarkeit, 
300_301_516_554_CoM kat_dbID12119,text,e300_q_von_der_begegnung_mit_dem_vogel_bis_zum_ende_des_fluges, 
300_301_516_554_CoM kat_dbID12119,text,e301_o_von_der_rueckkehr_an_die_oberflaeche_bis_zur_loesung_der_durch_den_raub_ausgeloesten_krise, 
300_301_516_554_CoM kat_dbID12119,text,e516_m_rueckkehr_und_belauschung_den_schicksalskuender, 
300_301_516_554_CoM kat_dbID12119,text,e516_o_abwehr_der_vorletzten_gefahr, 
300_301_516_554_CoM kat_dbID12119,text,e516_q_abwehr_der_letzten_gefahr, 
300_301_516_554_CoM kat_dbID12119,text,e516_s_erklaerung_und_konsequenzen, 
300_301_516_554_CoM kat_dbID12119,text,e516_u_erfahren_ueber_das_erloesungsmittel_bis_zum_erloesung, 
300_301_516_554_CoM kat_dbID12119,text,e516_w_glueckliches_ende, 
300_301_516_554_CoM kat_dbID1416,text,eCoM_c_conceptia_magica, 
300_301_516_554_CoM kat_dbID1416,text,e516_e_fernliebe_bis_zum_aufbruch_zur_suche_der_traumfrau, 
300_301_516_554_CoM kat_dbID1416,text,e516_k_gewinnung_der_braut, 
300_301_516_554_CoM kat_dbID1416,text,e301_c_verlust_des_OB, 
300_301_516_554_CoM kat_dbID1416,text,e301_e_vom_beginn_der_aktivitaet_bis_zum_finden_der_raststaette_oder_eines_einganges, 
300_301_516_554_CoM kat_dbID1416,text,e301_g_vom_finder_einer_nachtrast_bis_zum_betreten_der_welt_des_AN, 
300_301_516_554_CoM kat_dbID1416,text,e301_i_vom_betreten_des_wohnsitzes_des_AN_bis_zur_befreiehung_des_OB, 
300_301_516_554_CoM kat_dbID1416,text,e301_k_empfang_des_OB_und_verrat_vom_FH, 
300_301_516_554_CoM kat_dbID1416,text,e301_m_entkommen_aus_dem_haus_des_AN, 
300_301_516_554_CoM kat_dbID1416,text,e300_c_anfangssituation_ankunft_und_erkundigung_der_not, 
300_301_516_554_CoM kat_dbID1416,text,e300_e_vorfeld_des_kampfes_bis_zum_sieg, 
300_301_516_554_CoM kat_dbID1416,text,e300_i_rueckkehr_des_OB_und_die_suche_nach_dem_HD, 
300_301_516_554_CoM kat_dbID1416,text,e300_o_auftritt_des_HD_vor_dem_AG_bis_zur_erkennung_seiner_heldentat, 
300_301_516_554_CoM kat_dbID1416,text,e554_e_leistung_des_HD_gegenueber_dem_tier_und_aussprechen_der_dankbarkeit, 
300_301_516_554_CoM kat_dbID1416,text,e300_q_von_der_begegnung_mit_dem_vogel_bis_zum_ende_des_fluges, 
300_301_516_554_CoM kat_dbID1416,text,e301_o_von_der_rueckkehr_an_die_oberflaeche_bis_zur_loesung_der_durch_den_raub_ausgeloesten_krise, 
300_301_516_554_CoM kat_dbID2899,text,eCoM_c_conceptia_magica, 
300_301_516_554_CoM kat_dbID2899,text,e516_e_fernliebe_bis_zum_aufbruch_zur_suche_der_traumfrau, 
300_301_516_554_CoM kat_dbID2899,text,e516_k_gewinnung_der_braut, 
300_301_516_554_CoM kat_dbID2899,text,e301_c_verlust_des_OB, 
300_301_516_554_CoM kat_dbID2899,text,e301_e_vom_beginn_der_aktivitaet_bis_zum_finden_der_raststaette_oder_eines_einganges, 
300_301_516_554_CoM kat_dbID2899,text,e301_g_vom_finder_einer_nachtrast_bis_zum_betreten_der_welt_des_AN, 
300_301_516_554_CoM kat_dbID2899,text,e301_i_vom_betreten_des_wohnsitzes_des_AN_bis_zur_befreiehung_des_OB, 
300_301_516_554_CoM kat_dbID2899,text,e301_k_empfang_des_OB_und_verrat_vom_FH, 
300_301_516_554_CoM kat_dbID2899,text,e301_m_entkommen_aus_dem_haus_des_AN, 
300_301_516_554_CoM kat_dbID2899,text,e300_c_anfangssituation_ankunft_und_erkundigung_der_not, 
300_301_516_554_CoM kat_dbID2899,text,e300_e_vorfeld_des_kampfes_bis_zum_sieg, 
300_301_516_554_CoM kat_dbID2899,text,e300_i_rueckkehr_des_OB_und_die_suche_nach_dem_HD, 
300_301_516_554_CoM kat_dbID2899,text,e300_o_auftritt_des_HD_vor_dem_AG_bis_zur_erkennung_seiner_heldentat, 
300_301_516_554_CoM kat_dbID2899,text,e554_e_leistung_des_HD_gegenueber_dem_tier_und_aussprechen_der_dankbarkeit, 
300_301_516_554_CoM kat_dbID2899,text,e300_q_von_der_begegnung_mit_dem_vogel_bis_zum_ende_des_fluges, 
300_301_516_554_CoM kat_dbID2899,text,e301_o_von_der_rueckkehr_an_die_oberflaeche_bis_zur_loesung_der_durch_den_raub_ausgeloesten_krise, 
300_301_516_554_CoM kat_dbID3115,text,eCoM_c_conceptia_magica, 
300_301_516_554_CoM kat_dbID3115,text,e516_e_fernliebe_bis_zum_aufbruch_zur_suche_der_traumfrau, 
300_301_516_554_CoM kat_dbID3115,text,e516_k_gewinnung_der_braut, 
300_301_516_554_CoM kat_dbID3115,text,e301_c_verlust_des_OB, 
300_301_516_554_CoM kat_dbID3115,text,e301_e_vom_beginn_der_aktivitaet_bis_zum_finden_der_raststaette_oder_eines_einganges, 
300_301_516_554_CoM kat_dbID3115,text,e301_g_vom_finder_einer_nachtrast_bis_zum_betreten_der_welt_des_AN, 
300_301_516_554_CoM kat_dbID3115,text,e301_i_vom_betreten_des_wohnsitzes_des_AN_bis_zur_befreiehung_des_OB, 
300_301_516_554_CoM kat_dbID3115,text,e301_k_empfang_des_OB_und_verrat_vom_FH, 
300_301_516_554_CoM kat_dbID3115,text,e301_m_entkommen_aus_dem_haus_des_AN, 
300_301_516_554_CoM kat_dbID3115,text,e300_c_anfangssituation_ankunft_und_erkundigung_der_not, 
300_301_516_554_CoM kat_dbID3115,text,e300_e_vorfeld_des_kampfes_bis_zum_sieg, 
300_301_516_554_CoM kat_dbID3115,text,e300_i_rueckkehr_des_OB_und_die_suche_nach_dem_HD, 
300_301_516_554_CoM kat_dbID3115,text,e300_o_auftritt_des_HD_vor_dem_AG_bis_zur_erkennung_seiner_heldentat, 
300_301_516_554_CoM kat_dbID3115,text,e554_e_leistung_des_HD_gegenueber_dem_tier_und_aussprechen_der_dankbarkeit, 
300_301_516_554_CoM kat_dbID3115,text,e300_q_von_der_begegnung_mit_dem_vogel_bis_zum_ende_des_fluges, 
300_301_516_554_CoM kat_dbID3115,text,e301_o_von_der_rueckkehr_an_die_oberflaeche_bis_zur_loesung_der_durch_den_raub_ausgeloesten_krise, 
300_301_516_554_CoM kat_dbID3263,text,eCoM_c_conceptia_magica, 
300_301_516_554_CoM kat_dbID3263,text,e516_k_gewinnung_der_braut, 
300_301_516_554_CoM kat_dbID3263,text,e301_c_verlust_des_OB, 
300_301_516_554_CoM kat_dbID3263,text,e301_e_vom_beginn_der_aktivitaet_bis_zum_finden_der_raststaette_oder_eines_einganges, 
300_301_516_554_CoM kat_dbID3263,text,e301_i_vom_betreten_des_wohnsitzes_des_AN_bis_zur_befreiehung_des_OB, 
300_301_516_554_CoM kat_dbID3263,text,e301_k_empfang_des_OB_und_verrat_vom_FH, 
300_301_516_554_CoM kat_dbID3263,text,e301_m_entkommen_aus_dem_haus_des_AN, 
300_301_516_554_CoM kat_dbID3263,text,e300_c_anfangssituation_ankunft_und_erkundigung_der_not, 
300_301_516_554_CoM kat_dbID3263,text,e300_e_vorfeld_des_kampfes_bis_zum_sieg, 
300_301_516_554_CoM kat_dbID3263,text,e300_i_rueckkehr_des_OB_und_die_suche_nach_dem_HD, 
300_301_516_554_CoM kat_dbID3263,text,e300_o_auftritt_des_HD_vor_dem_AG_bis_zur_erkennung_seiner_heldentat, 
300_301_516_554_CoM kat_dbID3263,text,e554_e_leistung_des_HD_gegenueber_dem_tier_und_aussprechen_der_dankbarkeit, 
300_301_516_554_CoM kat_dbID3263,text,e300_q_von_der_begegnung_mit_dem_vogel_bis_zum_ende_des_fluges, 
300_301_516_554_CoM kat_dbID3263,text,e301_o_von_der_rueckkehr_an_die_oberflaeche_bis_zur_loesung_der_durch_den_raub_ausgeloesten_krise, 
300_301_516_554_CoM kat_dbID3263,text,e516_m_rueckkehr_und_belauschung_den_schicksalskuender, 
300_301_516_554_CoM kat_dbID3263,text,e516_o_abwehr_der_vorletzten_gefahr, 
300_301_516_554_CoM kat_dbID3263,text,e516_q_abwehr_der_letzten_gefahr, 
300_301_516_554_CoM kat_dbID3263,text,e516_s_erklaerung_und_konsequenzen, 
300_301_516_554_CoM kat_dbID3263,text,e516_u_erfahren_ueber_das_erloesungsmittel_bis_zum_erloesung, 
300_301_516_554_CoM kat_dbID3570,text,eCoM_c_conceptia_magica, 
300_301_516_554_CoM kat_dbID3570,text,e516_e_fernliebe_bis_zum_aufbruch_zur_suche_der_traumfrau, 
300_301_516_554_CoM kat_dbID3570,text,e516_k_gewinnung_der_braut, 
300_301_516_554_CoM kat_dbID3570,text,e301_c_verlust_des_OB, 
300_301_516_554_CoM kat_dbID3570,text,e301_e_vom_beginn_der_aktivitaet_bis_zum_finden_der_raststaette_oder_eines_einganges, 
300_301_516_554_CoM kat_dbID3570,text,e301_i_vom_betreten_des_wohnsitzes_des_AN_bis_zur_befreiehung_des_OB, 
300_301_516_554_CoM kat_dbID3570,text,e301_k_empfang_des_OB_und_verrat_vom_FH, 
300_301_516_554_CoM kat_dbID3570,text,e301_m_entkommen_aus_dem_haus_des_AN, 
300_301_516_554_CoM kat_dbID3570,text,e300_c_anfangssituation_ankunft_und_erkundigung_der_not, 
300_301_516_554_CoM kat_dbID3570,text,e300_e_vorfeld_des_kampfes_bis_zum_sieg, 
300_301_516_554_CoM kat_dbID3570,text,e300_i_rueckkehr_des_OB_und_die_suche_nach_dem_HD, 
300_301_516_554_CoM kat_dbID3570,text,e300_o_auftritt_des_HD_vor_dem_AG_bis_zur_erkennung_seiner_heldentat, 
300_301_516_554_CoM kat_dbID3570,text,e554_e_leistung_des_HD_gegenueber_dem_tier_und_aussprechen_der_dankbarkeit, 
300_301_516_554_CoM kat_dbID3570,text,e300_q_von_der_begegnung_mit_dem_vogel_bis_zum_ende_des_fluges, 
300_301_516_554_CoM kat_dbID3570,text,e301_o_von_der_rueckkehr_an_die_oberflaeche_bis_zur_loesung_der_durch_den_raub_ausgeloesten_krise, 
300_301_516_554_CoM kat_dbID3700,text,eCoM_c_conceptia_magica, 
300_301_516_554_CoM kat_dbID3700,text,e516_e_fernliebe_bis_zum_aufbruch_zur_suche_der_traumfrau, 
300_301_516_554_CoM kat_dbID3700,text,e516_k_gewinnung_der_braut, 
300_301_516_554_CoM kat_dbID3700,text,e301_c_verlust_des_OB, 
300_301_516_554_CoM kat_dbID3700,text,e301_e_vom_beginn_der_aktivitaet_bis_zum_finden_der_raststaette_oder_eines_einganges, 
300_301_516_554_CoM kat_dbID3700,text,e301_g_vom_finder_einer_nachtrast_bis_zum_betreten_der_welt_des_AN, 
300_301_516_554_CoM kat_dbID3700,text,e301_i_vom_betreten_des_wohnsitzes_des_AN_bis_zur_befreiehung_des_OB, 
300_301_516_554_CoM kat_dbID3700,text,e301_k_empfang_des_OB_und_verrat_vom_FH, 
300_301_516_554_CoM kat_dbID3700,text,e301_m_entkommen_aus_dem_haus_des_AN, 
300_301_516_554_CoM kat_dbID3700,text,e300_c_anfangssituation_ankunft_und_erkundigung_der_not, 
300_301_516_554_CoM kat_dbID3700,text,e300_e_vorfeld_des_kampfes_bis_zum_sieg, 
300_301_516_554_CoM kat_dbID3700,text,e300_i_rueckkehr_des_OB_und_die_suche_nach_dem_HD, 
300_301_516_554_CoM kat_dbID3700,text,e300_o_auftritt_des_HD_vor_dem_AG_bis_zur_erkennung_seiner_heldentat, 
300_301_516_554_CoM kat_dbID3700,text,e554_e_leistung_des_HD_gegenueber_dem_tier_und_aussprechen_der_dankbarkeit, 
300_301_516_554_CoM kat_dbID3700,text,e300_q_von_der_begegnung_mit_dem_vogel_bis_zum_ende_des_fluges, 
300_301_516_554_CoM kat_dbID3700,text,e301_o_von_der_rueckkehr_an_die_oberflaeche_bis_zur_loesung_der_durch_den_raub_ausgeloesten_krise, 
300_301_516_554_CoM kat_dbID3700,text,e303_m_eifersucht, 
300_301_516_554_CoM kat_dbID5229,text,eCoM_c_conceptia_magica, 
300_301_516_554_CoM kat_dbID5229,text,e516_e_fernliebe_bis_zum_aufbruch_zur_suche_der_traumfrau, 
300_301_516_554_CoM kat_dbID5229,text,e516_k_gewinnung_der_braut, 
300_301_516_554_CoM kat_dbID5229,text,e301_c_verlust_des_OB, 
300_301_516_554_CoM kat_dbID5229,text,e301_e_vom_beginn_der_aktivitaet_bis_zum_finden_der_raststaette_oder_eines_einganges, 
300_301_516_554_CoM kat_dbID5229,text,e301_g_vom_finder_einer_nachtrast_bis_zum_betreten_der_welt_des_AN, 
300_301_516_554_CoM kat_dbID5229,text,e301_i_vom_betreten_des_wohnsitzes_des_AN_bis_zur_befreiehung_des_OB, 
300_301_516_554_CoM kat_dbID5229,text,e301_k_empfang_des_OB_und_verrat_vom_FH, 
300_301_516_554_CoM kat_dbID5229,text,e301_m_entkommen_aus_dem_haus_des_AN, 
300_301_516_554_CoM kat_dbID5229,text,e300_c_anfangssituation_ankunft_und_erkundigung_der_not, 
300_301_516_554_CoM kat_dbID5229,text,e300_e_vorfeld_des_kampfes_bis_zum_sieg, 
300_301_516_554_CoM kat_dbID5229,text,e300_i_rueckkehr_des_OB_und_die_suche_nach_dem_HD, 
300_301_516_554_CoM kat_dbID5229,text,e300_o_auftritt_des_HD_vor_dem_AG_bis_zur_erkennung_seiner_heldentat, 
300_301_516_554_CoM kat_dbID5229,text,e554_e_leistung_des_HD_gegenueber_dem_tier_und_aussprechen_der_dankbarkeit, 
300_301_516_554_CoM kat_dbID5229,text,e300_q_von_der_begegnung_mit_dem_vogel_bis_zum_ende_des_fluges, 
300_301_516_554_CoM kat_dbID5229,text,e301_o_von_der_rueckkehr_an_die_oberflaeche_bis_zur_loesung_der_durch_den_raub_ausgeloesten_krise, 
300_301_516_554_CoM kat_dbID5229,text,e516_m_rueckkehr_und_belauschung_den_schicksalskuender, 
300_301_516_554_CoM kat_dbID5229,text,e516_o_abwehr_der_vorletzten_gefahr, 
300_301_516_554_CoM kat_dbID5229,text,e516_q_abwehr_der_letzten_gefahr, 
300_301_516_554_CoM kat_dbID5229,text,e516_s_erklaerung_und_konsequenzen, 
300_301_516_554_CoM kat_dbID5229,text,e516_u_erfahren_ueber_das_erloesungsmittel_bis_zum_erloesung, 
300_301_516_554_CoM kat_dbID5229,text,e516_w_glueckliches_ende, 
300_301_516_554_CoM kat_dbID6297,text,eCoM_c_conceptia_magica, 
300_301_516_554_CoM kat_dbID6297,text,e516_e_fernliebe_bis_zum_aufbruch_zur_suche_der_traumfrau, 
300_301_516_554_CoM kat_dbID6297,text,e516_k_gewinnung_der_braut, 
300_301_516_554_CoM kat_dbID6297,text,e301_c_verlust_des_OB, 
300_301_516_554_CoM kat_dbID6297,text,e301_e_vom_beginn_der_aktivitaet_bis_zum_finden_der_raststaette_oder_eines_einganges, 
300_301_516_554_CoM kat_dbID6297,text,e301_g_vom_finder_einer_nachtrast_bis_zum_betreten_der_welt_des_AN, 
300_301_516_554_CoM kat_dbID6297,text,e301_i_vom_betreten_des_wohnsitzes_des_AN_bis_zur_befreiehung_des_OB, 
300_301_516_554_CoM kat_dbID6297,text,e301_k_empfang_des_OB_und_verrat_vom_FH, 
300_301_516_554_CoM kat_dbID6297,text,e301_m_entkommen_aus_dem_haus_des_AN, 
300_301_516_554_CoM kat_dbID6297,text,e300_c_anfangssituation_ankunft_und_erkundigung_der_not, 
300_301_516_554_CoM kat_dbID6297,text,e300_e_vorfeld_des_kampfes_bis_zum_sieg, 
300_301_516_554_CoM kat_dbID6297,text,e300_i_rueckkehr_des_OB_und_die_suche_nach_dem_HD, 
300_301_516_554_CoM kat_dbID6297,text,e300_o_auftritt_des_HD_vor_dem_AG_bis_zur_erkennung_seiner_heldentat, 
300_301_516_554_CoM kat_dbID6297,text,e554_e_leistung_des_HD_gegenueber_dem_tier_und_aussprechen_der_dankbarkeit, 
300_301_516_554_CoM kat_dbID6297,text,e300_q_von_der_begegnung_mit_dem_vogel_bis_zum_ende_des_fluges, 
300_301_516_554_CoM kat_dbID6297,text,e301_o_von_der_rueckkehr_an_die_oberflaeche_bis_zur_loesung_der_durch_den_raub_ausgeloesten_krise, 
300_301_516_554_CoM kat_dbID6427,text,eCoM_c_conceptia_magica, 
300_301_516_554_CoM kat_dbID6427,text,e516_e_fernliebe_bis_zum_aufbruch_zur_suche_der_traumfrau, 
300_301_516_554_CoM kat_dbID6427,text,e516_k_gewinnung_der_braut, 
300_301_516_554_CoM kat_dbID6427,text,e301_c_verlust_des_OB, 
300_301_516_554_CoM kat_dbID6427,text,e301_e_vom_beginn_der_aktivitaet_bis_zum_finden_der_raststaette_oder_eines_einganges, 
300_301_516_554_CoM kat_dbID6427,text,e301_g_vom_finder_einer_nachtrast_bis_zum_betreten_der_welt_des_AN, 
300_301_516_554_CoM kat_dbID6427,text,e301_i_vom_betreten_des_wohnsitzes_des_AN_bis_zur_befreiehung_des_OB, 
300_301_516_554_CoM kat_dbID6427,text,e301_k_empfang_des_OB_und_verrat_vom_FH, 
300_301_516_554_CoM kat_dbID6427,text,e301_m_entkommen_aus_dem_haus_des_AN, 
300_301_516_554_CoM kat_dbID6427,text,e300_c_anfangssituation_ankunft_und_erkundigung_der_not, 
300_301_516_554_CoM kat_dbID6427,text,e300_e_vorfeld_des_kampfes_bis_zum_sieg, 
300_301_516_554_CoM kat_dbID6427,text,e300_i_rueckkehr_des_OB_und_die_suche_nach_dem_HD, 
300_301_516_554_CoM kat_dbID6427,text,e300_o_auftritt_des_HD_vor_dem_AG_bis_zur_erkennung_seiner_heldentat, 
300_301_516_554_CoM kat_dbID6427,text,e554_e_leistung_des_HD_gegenueber_dem_tier_und_aussprechen_der_dankbarkeit, 
300_301_516_554_CoM kat_dbID6427,text,e300_q_von_der_begegnung_mit_dem_vogel_bis_zum_ende_des_fluges, 
300_301_516_554_CoM kat_dbID6427,text,e301_o_von_der_rueckkehr_an_die_oberflaeche_bis_zur_loesung_der_durch_den_raub_ausgeloesten_krise, 
300_301_516_554_CoM kat_dbID6427,text,e516_m_rueckkehr_und_belauschung_den_schicksalskuender, 
300_301_516_554_CoM kat_dbID6427,text,e516_o_abwehr_der_vorletzten_gefahr, 
300_301_516_554_CoM kat_dbID6427,text,e516_q_abwehr_der_letzten_gefahr, 
300_301_516_554_CoM kat_dbID6427,text,e516_s_erklaerung_und_konsequenzen, 
300_301_516_554_CoM kat_dbID6427,text,e516_u_erfahren_ueber_das_erloesungsmittel_bis_zum_erloesung, 
300_301_516_554_CoM kat_dbID6427,text,e516_w_glueckliches_ende, 
300_301_516_554_CoM kat_dbID7495,text,eCoM_c_conceptia_magica, 
300_301_516_554_CoM kat_dbID7495,text,e516_e_fernliebe_bis_zum_aufbruch_zur_suche_der_traumfrau, 
300_301_516_554_CoM kat_dbID7495,text,e516_k_gewinnung_der_braut, 
300_301_516_554_CoM kat_dbID7495,text,e301_c_verlust_des_OB, 
300_301_516_554_CoM kat_dbID7495,text,e301_e_vom_beginn_der_aktivitaet_bis_zum_finden_der_raststaette_oder_eines_einganges, 
300_301_516_554_CoM kat_dbID7495,text,e301_g_vom_finder_einer_nachtrast_bis_zum_betreten_der_welt_des_AN, 
300_301_516_554_CoM kat_dbID7495,text,e301_i_vom_betreten_des_wohnsitzes_des_AN_bis_zur_befreiehung_des_OB, 
300_301_516_554_CoM kat_dbID7495,text,e301_k_empfang_des_OB_und_verrat_vom_FH, 
300_301_516_554_CoM kat_dbID7495,text,e301_m_entkommen_aus_dem_haus_des_AN, 
300_301_516_554_CoM kat_dbID7495,text,e300_c_anfangssituation_ankunft_und_erkundigung_der_not, 
300_301_516_554_CoM kat_dbID7495,text,e300_e_vorfeld_des_kampfes_bis_zum_sieg, 
300_301_516_554_CoM kat_dbID7495,text,e300_i_rueckkehr_des_OB_und_die_suche_nach_dem_HD, 
300_301_516_554_CoM kat_dbID7495,text,e300_o_auftritt_des_HD_vor_dem_AG_bis_zur_erkennung_seiner_heldentat, 
300_301_516_554_CoM kat_dbID7495,text,e554_e_leistung_des_HD_gegenueber_dem_tier_und_aussprechen_der_dankbarkeit, 
300_301_516_554_CoM kat_dbID7495,text,e300_q_von_der_begegnung_mit_dem_vogel_bis_zum_ende_des_fluges, 
300_301_516_554_CoM kat_dbID7495,text,e301_o_von_der_rueckkehr_an_die_oberflaeche_bis_zur_loesung_der_durch_den_raub_ausgeloesten_krise, 
300_301_516_554_CoM kat_dbID7495,text,e516_m_rueckkehr_und_belauschung_den_schicksalskuender, 
300_301_516_554 kat_dbID2253,text,e516_e_fernliebe_bis_zum_aufbruch_zur_suche_der_traumfrau, 
300_301_516_554 kat_dbID2253,text,e516_k_gewinnung_der_braut, 
300_301_516_554 kat_dbID2253,text,e301_c_verlust_des_OB, 
300_301_516_554 kat_dbID2253,text,e301_e_vom_beginn_der_aktivitaet_bis_zum_finden_der_raststaette_oder_eines_einganges, 
300_301_516_554 kat_dbID2253,text,e301_g_vom_finder_einer_nachtrast_bis_zum_betreten_der_welt_des_AN, 
300_301_516_554 kat_dbID2253,text,e301_i_vom_betreten_des_wohnsitzes_des_AN_bis_zur_befreiehung_des_OB, 
300_301_516_554 kat_dbID2253,text,e301_k_empfang_des_OB_und_verrat_vom_FH, 
300_301_516_554 kat_dbID2253,text,e301_m_entkommen_aus_dem_haus_des_AN, 
300_301_516_554 kat_dbID2253,text,e300_c_anfangssituation_ankunft_und_erkundigung_der_not, 
300_301_516_554 kat_dbID2253,text,e300_e_vorfeld_des_kampfes_bis_zum_sieg, 
300_301_516_554 kat_dbID2253,text,e300_i_rueckkehr_des_OB_und_die_suche_nach_dem_HD, 
300_301_516_554 kat_dbID2253,text,e300_o_auftritt_des_HD_vor_dem_AG_bis_zur_erkennung_seiner_heldentat, 
300_301_516_554 kat_dbID2253,text,e554_e_leistung_des_HD_gegenueber_dem_tier_und_aussprechen_der_dankbarkeit, 
300_301_516_554 kat_dbID2253,text,e300_q_von_der_begegnung_mit_dem_vogel_bis_zum_ende_des_fluges, 
300_301_516_554 kat_dbID2253,text,e301_o_von_der_rueckkehr_an_die_oberflaeche_bis_zur_loesung_der_durch_den_raub_ausgeloesten_krise, 
300_301_516_554 kat_dbID2253,text,e516_m_rueckkehr_und_belauschung_den_schicksalskuender, 
300_301_516_554 kat_dbID2253,text,e516_o_abwehr_der_vorletzten_gefahr, 
300_301_516_554 kat_dbID2253,text,e516_q_abwehr_der_letzten_gefahr, 
300_301_516_554 kat_dbID2253,text,e516_s_erklaerung_und_konsequenzen, 
300_301_516_554 kat_dbID2253,text,e516_u_erfahren_ueber_das_erloesungsmittel_bis_zum_erloesung, 
300_301_516_554 kat_dbID2253,text,e516_w_glueckliches_ende, 
300_301_516_554 kat_dbID4068,text,eCoM_c_conceptia_magica, 
300_301_516_554 kat_dbID4068,text,e516_e_fernliebe_bis_zum_aufbruch_zur_suche_der_traumfrau, 
300_301_516_554 kat_dbID4068,text,e516_k_gewinnung_der_braut, 
300_301_516_554 kat_dbID4068,text,e301_c_verlust_des_OB, 
300_301_516_554 kat_dbID4068,text,e301_e_vom_beginn_der_aktivitaet_bis_zum_finden_der_raststaette_oder_eines_einganges, 
300_301_516_554 kat_dbID4068,text,e301_g_vom_finder_einer_nachtrast_bis_zum_betreten_der_welt_des_AN, 
300_301_516_554 kat_dbID4068,text,e301_i_vom_betreten_des_wohnsitzes_des_AN_bis_zur_befreiehung_des_OB, 
300_301_516_554 kat_dbID4068,text,e301_k_empfang_des_OB_und_verrat_vom_FH, 
300_301_516_554 kat_dbID4068,text,e301_m_entkommen_aus_dem_haus_des_AN, 
300_301_516_554 kat_dbID4068,text,e300_c_anfangssituation_ankunft_und_erkundigung_der_not, 
300_301_516_554 kat_dbID4068,text,e300_e_vorfeld_des_kampfes_bis_zum_sieg, 
300_301_516_554 kat_dbID4068,text,e300_i_rueckkehr_des_OB_und_die_suche_nach_dem_HD, 
300_301_516_554 kat_dbID4068,text,e300_o_auftritt_des_HD_vor_dem_AG_bis_zur_erkennung_seiner_heldentat, 
300_301_516_554 kat_dbID4068,text,e554_e_leistung_des_HD_gegenueber_dem_tier_und_aussprechen_der_dankbarkeit, 
300_301_516_554 kat_dbID4068,text,e300_q_von_der_begegnung_mit_dem_vogel_bis_zum_ende_des_fluges, 
300_301_516_554 kat_dbID4068,text,e301_o_von_der_rueckkehr_an_die_oberflaeche_bis_zur_loesung_der_durch_den_raub_ausgeloesten_krise, 
300_301_554_650A_kat_dbID6641,text,e650A_c_von_geburt_des_HD_bis_zum_verlassen_des_hauses, 
300_301_554_650A_kat_dbID6641,text,e650A_e_verlassen_des_hauses_bis_zum_treffen_mit_dem_antagonist, 
300_301_554_650A_kat_dbID6641,text,e650A_g_zum_besuch_beim_AN_und_die_reaktion_des_AN, 
300_301_554_650A_kat_dbID6641,text,e650A_i_eine_der_vorlezten_aufgabe, 
300_301_554_650A_kat_dbID6641,text,e650A_k_die_letzte_aufgabe, 
300_301_554_650A_kat_dbID6641,text,e301_e_vom_beginn_der_aktivitaet_bis_zum_finden_der_raststaette_oder_eines_einganges, 
300_301_554_650A_kat_dbID6641,text,e301_c_verlust_des_OB, 
300_301_554_650A_kat_dbID6641,text,e301_i_vom_betreten_des_wohnsitzes_des_AN_bis_zur_befreiehung_des_OB, 
300_301_554_650A_kat_dbID6641,text,e301_k_empfang_des_OB_und_verrat_vom_FH, 
300_301_554_650A_kat_dbID6641,text,e301_m_entkommen_aus_dem_haus_des_AN, 
300_301_554_650A_kat_dbID6641,text,e300_c_anfangssituation_ankunft_und_erkundigung_der_not, 
300_301_554_650A_kat_dbID6641,text,e300_e_vorfeld_des_kampfes_bis_zum_sieg, 
300_301_554_650A_kat_dbID6641,text,e300_i_rueckkehr_des_OB_und_die_suche_nach_dem_HD, 
300_301_554_650A_kat_dbID6641,text,e300_o_auftritt_des_HD_vor_dem_AG_bis_zur_erkennung_seiner_heldentat, 
300_301_554_650A_kat_dbID6641,text,e554_e_leistung_des_HD_gegenueber_dem_tier_und_aussprechen_der_dankbarkeit, 
300_301_554_650A_kat_dbID6641,text,e300_q_von_der_begegnung_mit_dem_vogel_bis_zum_ende_des_fluges, 
300_301_554_650A_kat_dbID6641,text,e301_o_von_der_rueckkehr_an_die_oberflaeche_bis_zur_loesung_der_durch_den_raub_ausgeloesten_krise, 
300_301_554_650A_kat_dbID6641,text,e650A_m_nach_der_erfuellung_der_letzte_aufgabe_bis_zum_ende_der_geschichte, 
300_301_554_UNDF_kat_dbID5128,text,eUNDF_a_, 
300_301_554_UNDF_kat_dbID5128,text,e301_i_vom_betreten_des_wohnsitzes_des_AN_bis_zur_befreiehung_des_OB, 
300_301_554_UNDF_kat_dbID5128,text,e301_k_empfang_des_OB_und_verrat_vom_FH, 
300_301_554_UNDF_kat_dbID5128,text,e301_m_entkommen_aus_dem_haus_des_AN, 
300_301_554_UNDF_kat_dbID5128,text,e300_c_anfangssituation_ankunft_und_erkundigung_der_not, 
300_301_554_UNDF_kat_dbID5128,text,e300_e_vorfeld_des_kampfes_bis_zum_sieg, 
300_301_554_UNDF_kat_dbID5128,text,e300_i_rueckkehr_des_OB_und_die_suche_nach_dem_HD, 
300_301_554_UNDF_kat_dbID5128,text,e300_o_auftritt_des_HD_vor_dem_AG_bis_zur_erkennung_seiner_heldentat, 
300_301_554_UNDF_kat_dbID5128,text,e554_e_leistung_des_HD_gegenueber_dem_tier_und_aussprechen_der_dankbarkeit, 
300_301_554_UNDF_kat_dbID5128,text,e300_q_von_der_begegnung_mit_dem_vogel_bis_zum_ende_des_fluges, 
300_301_554_UNDF_kat_dbID5128,text,e301_o_von_der_rueckkehr_an_die_oberflaeche_bis_zur_loesung_der_durch_den_raub_ausgeloesten_krise, 
300_303_554_567_35248, 後 扭    丟   兕丟  兕 扭  兕丟  兕 扭 桑   扭 兕丟 矜 Ｓ扭兕   Ｓ  桑   丟 抨Ｓ  矜﹥ 兕丟 丟  抨Ｓ    脊 矜艮    兕 Ｓ   抨    丟 矜艮 抨Ｓ 脊 艮 桑  桑  矜  抨Ｓ    扭﹥   Ｓ 矜   兕丟  抨Ｓ    抨Ｓ  矜艮 兕 Ｓ 花 花 桑   抨Ｓ  花 矜扭  抨Ｓ 花 兕桑 抨 後   Ｓ Ｓ 抨Ｓ 桑 兕  兕兕 扭 Ｓ扭 凍 扭 花﹥  兕 桑 桑兕 抨Ｓ 兕 扭  扭 桑  兕凍 桑  丟 桑    桑  抨Ｓ 艮   艮   艮 矜矜  扭    矜矜  抨Ｓ      艮 Ｓ    抨Ｓ 桑 抨Ｓ﹥ 唸 Ｓ  桑  兕凍  兕  後 丟花桑 ﹥ ﹥桑   丟 抨Ｓ 扭 桑Ｓ   艮   兕丟 Ｓ 丟 後 ﹥桑   桑   後  凍   兕 矜扭 丟   矜﹥桑  凍 矜﹥桑  凍   Ｓ扭兕  桑 兕  丟  扭   桑     Ｓ 凍 兕丟 艮 兕 Ｓ 兕丟 ﹥ 矜 花 兕 Ｓ   Ｓ  ﹥ Ｓ 花,e567_a_Das_wunderbare_Vogelherz, 
300_303_554_567_35248,      兕  矜 ﹥ Ｓ扭兕 Ｓ扭兕 矜   戶  桑  花   Ｓ扭     桑 兕﹥    ﹥ 扭 丟  桑  Ｓ 凍  ﹥ 扭  丟      花   丟    花   桑    戶 桑    兕    戶   兕 桑    桑 戶 矜扭 Ｓ    丟  花 兕     桑  桑 兕  矜 桑  兕 矜﹥桑 矜扭 兕 兕 花  兕桑  凍      凍 桑   桑 ﹥ 矜 兕 Ｓ 兕 ﹥   桑  兕 脊 Ｓ 桑 凍 桑矜  矜扭 矜扭 ﹥   矜扭    矜﹥ 艮 ﹥    桑  後   兕   桑 抨 ﹥    矜 ﹥ 艮   抨    桑  兕 兕 後  抨 花,e303_c_eingangssituation_bis_zur_trennung, 
300_303_554_567_35248,矜 桑  兕 矜  凍    ﹥艮 戶   ﹥  花 ﹥艮  艮  ﹥    花    花 兕 艮 戶 艮 桑    ﹥ 扭 ﹥ 丟  扭 扭     ﹥扭戶 ﹥﹥        ﹥  Ｓ 艮 兕   ﹥ 抨 ﹥戶  ﹥戶 戶桑       ﹥    ,e554_e_leistung_des_HD_gegenueber_dem_tier_und_aussprechen_der_dankbarkeit, 
300_303_554_567_35248,桑 花  桑 桑  抨 花 ﹥   桑     矜桑  桑  兕  扭 抨   ﹥﹥  扭   Ｓ  ﹥扭戶  ﹥ Ｓ   後﹥ ﹥ 扭  後 ﹥ 艮兕  矜 抨      花兕  ﹥  矜扭 ﹥ ﹥ ﹥ 花 唸  ﹥ ﹥丟兕 矜   艮﹥ 矜  艮﹥ 矜   ﹥桑矜戶  ﹥桑矜戶    兕 矜扭 凍    後  兕 ﹥花 矜扭  ﹥花        桑   花  兕 艮 唸扭  戶﹥ 花      凍 桑  桑   兕    丟 兕 兕 凍  艮 丟  ﹥兕  矜扭 扭   丟 花 兕 Ｓ  凍凍     矜扭艮 矜扭 抨﹥   兕 兕 扭 Ｓ  Ｓ 凍凍 Ｓ 兕 桑矜戶 丟  兕凍  兕,e300_c_anfangssituation_ankunft_und_erkundigung_der_not, 
300_303_554_567_35248, 凍凍  矜   ﹥ 凍凍  艮後  兕   扭  抨   抨 矜扭 矜艮   凍   凍 桑   扭    ﹥扭 扭 扭  兕  凍  抨扭 後 凍 桑 抨﹥花 脊兕  脊  兕  ﹥ 凍凍 凍   桑     凍    後艮  扭,e300_e_vorfeld_des_kampfes_bis_zum_sieg, 
300_303_554_567_35248,桑  桑矜戶 兕    兕﹥凍  桑矜戶  扭     兕凍 抨 兕 扭   矜  矜  桑矜戶    凍 扭 凍 丟 桑  兕    矜扭 花,e300_k_misshandlung_des_FH_bis_zur_hochzeitstag, 
300_303_554_567_35248,桑   桑 扭 丟  兕 凍 兕桑  兕桑  凍,e300_g_nach_dem_sieg_bis_zur_trennung_des_HD_und_des_OB, 
300_303_554_567_35248, 矜 桑矜戶﹥ 扭  丟  桑  艮後  凍 抨 Ｓ  丟 花  唸 艮後   丟  抨 Ｓ  丟 唸 抨 Ｓ 扭 凍 丟 Ｓ 扭 抨桑    桑  花  Ｓ 矜扭 兕 Ｓ ﹥  花花桑      艮 艮 丟  ﹥抨 Ｓ 花  丟花 艮 抨扭 兕    桑   花        凍       後  後    扭 花 桑 花花桑  花 矜 桑,e300_l_wiederbelebung_des_HD, 
300_303_554_567_35248, 艮 丟矜  丟 脊  矜  艮﹥  丟矜 丟       丟 桑   桑   兕  凍    Ｓ扭 兕   唸 兕﹥  凍   艮  兕﹥ 花   桑   桑矜戶   兕        丟﹥ 桑 ﹥   唸丟  兕﹥   兕桑   桑   花 桑   桑 扭 唸丟 凍 脊 桑   艮 花桑 扭  ﹥   後  戶 戶  矜  凍 凍,e300_o_auftritt_des_HD_vor_dem_AG_bis_zur_erkennung_seiner_heldentat, 
300_303_554_567_35248,桑 桑   桑矜戶 ﹥   丟  抨 矜扭  ﹥﹥  桑  桑 ﹥後  兕     矜桑 ﹥戶桑   矜 艮    抨        Ｓ﹥ 凍    凍  Ｓ  扭  矜   ﹥ 花 矜   ﹥戶桑 矜  丟 兕 矜桑Ｓ 丟 丟 兕 矜桑Ｓ   凍 Ｓ﹥  桑  丟 丟 兕  ﹥花 艮  兕 桑 矜 矜桑Ｓ 兕 凍 ﹥ 花   凍兕   艮    凍     桑桑 艮    桑﹥  花花桑  兕矜 矜 ﹥ 凍 矜扭 艮 桑 ﹥ 花 花  凍  戶 桑     ﹥  桑    後桑 花 凍 桑 後 抨   桑 艮  抨Ｓ  抨Ｓ    桑 兕  兕 抨  兕 抨 矜 後  ﹥ ,e303_g_erstes_treffen_mit_dem_AN, 
300_303_554_567_35248,桑    後  花兕 ﹥ 抨 ﹥   戶丟 後    唸 矜 丟 後 ﹥    ﹥桑矜戶兕 ﹥花 ﹥ 後 扭 兕 桑  桑矜戶 丟﹥ 桑 抨 丟    花 丟    後     桑  艮 矜 桑  矜  凍 後 桑  兕兕 抨  丟 矜矜   抨 丟 桑   兕兕 抨  兕 ﹥  花 ﹥  桑 艮 ,e303_i_vom_erkundigung_der_not_bis_zum_aufbruch_des_HD_zum_AN, 
300_303_554_567_35248,  桑  ﹥  矜 兕  扭 ﹥ 矜 ﹥ ﹥ 矜桑Ｓ  丟 丟 兕   ﹥  桑 後   唸 ﹥凍 艮 桑 抨﹥ 花 後 抨   抨  丟 矜 矜  兕﹥  桑 ﹥  ﹥ 桑 凍   抨 凍  桑  抨 後 ﹥     Ｓ扭  桑 凍 凍  脊桑   脊桑 艮   桑 ﹥ ﹥  桑花 脊 ﹥  艮  脊桑 ﹥﹥   脊   Ｓ扭兕 艮 Ｓ Ｓ 扭 桑 桑  扭  丟﹥,e303_k_vom_aufbruch_zum_AN_bis_zur_seiner_ueberweltigung, 
300_303_554_567_35248,  扭  扭  凍 桑花 凍  凍   凍  抨 扭戶  丟 兕凍  丟  矜 桑  凍 Ｓ扭   矜  ﹥桑矜戶兕 矜 ﹥   丟 Ｓ  丟 桑  丟      艮 ﹥﹥ 矜  桑 丟 兕  戶 艮   兕 丟    抨矜 兕 戶 戶   抨  艮抨,e303_q_rueckkehr_und_finale, 
300_303_554_567 kat_dbID6032,text,e567_a_Das_wunderbare_Vogelherz, 
300_303_554_567 kat_dbID6032,text,e303_c_eingangssituation_bis_zur_trennung, 
300_303_554_567 kat_dbID6032,text,e554_e_leistung_des_HD_gegenueber_dem_tier_und_aussprechen_der_dankbarkeit, 
300_303_554_567 kat_dbID6032,text,e300_c_anfangssituation_ankunft_und_erkundigung_der_not, 
300_303_554_567 kat_dbID6032,text,e300_e_vorfeld_des_kampfes_bis_zum_sieg, 
300_303_554_567 kat_dbID6032,text,e300_g_nach_dem_sieg_bis_zur_trennung_des_HD_und_des_OB, 
300_303_554_567 kat_dbID6032,text,e300_k_misshandlung_des_FH_bis_zur_hochzeitstag, 
300_303_554_567 kat_dbID6032,text,e300_l_wiederbelebung_des_HD, 
300_303_554_567 kat_dbID6032,text,e300_m_rueckkehr_des_HD_und_erkundung_ueber_die_hochzeit_bis_zum_wiedergewinn_der_aufmerksamkeit, 
300_303_554_567 kat_dbID6032,text,e300_o_auftritt_des_HD_vor_dem_AG_bis_zur_erkennung_seiner_heldentat, 
300_303_554_567 kat_dbID6032,text,e303_g_erstes_treffen_mit_dem_AN, 
300_303_554_567 kat_dbID6032,text,e303_i_vom_erkundigung_der_not_bis_zum_aufbruch_des_HD_zum_AN, 
300_554_650A kat_dbID1051,text,e650A_c_von_geburt_des_HD_bis_zum_verlassen_des_hauses, 
300_554_650A kat_dbID1051,text,e650A_e_verlassen_des_hauses_bis_zum_treffen_mit_dem_antagonist, 
300_554_650A kat_dbID1051,text,e650A_g_zum_besuch_beim_AN_und_die_reaktion_des_AN, 
300_554_650A kat_dbID1051,text,e650A_i_eine_der_vorlezten_aufgabe, 
300_554_650A kat_dbID1051,text,e650A_k_die_letzte_aufgabe, 
300_554_650A kat_dbID1051,text,e300_c_anfangssituation_ankunft_und_erkundigung_der_not, 
300_554_650A kat_dbID1051,text,e300_e_vorfeld_des_kampfes_bis_zum_sieg, 
300_554_650A kat_dbID1051,text,e300_i_rueckkehr_des_OB_und_die_suche_nach_dem_HD, 
300_554_650A kat_dbID1051,text,e300_o_auftritt_des_HD_vor_dem_AG_bis_zur_erkennung_seiner_heldentat, 
300_554_650A kat_dbID1051,text,e554_e_leistung_des_HD_gegenueber_dem_tier_und_aussprechen_der_dankbarkeit, 
300_554_650A kat_dbID1051,text,e300_q_von_der_begegnung_mit_dem_vogel_bis_zum_ende_des_fluges, 
300_554_650A kat_dbID1051,text,e650A_m_nach_der_erfuellung_der_letzte_aufgabe_bis_zum_ende_der_geschichte, 
300_554_650A kat_dbID5384,text,e650A_c_von_geburt_des_HD_bis_zum_verlassen_des_hauses, 
300_554_650A kat_dbID5384,text,e650A_g_zum_besuch_beim_AN_und_die_reaktion_des_AN, 
300_554_650A kat_dbID5384,text,e650A_k_die_letzte_aufgabe, 
300_554_650A kat_dbID5384,text,e300_c_anfangssituation_ankunft_und_erkundigung_der_not, 
300_554_650A kat_dbID5384,text,e300_e_vorfeld_des_kampfes_bis_zum_sieg, 
300_554_650A kat_dbID5384,text,e300_i_rueckkehr_des_OB_und_die_suche_nach_dem_HD, 
300_554_650A kat_dbID5384,text,e300_o_auftritt_des_HD_vor_dem_AG_bis_zur_erkennung_seiner_heldentat, 
300_554_650A kat_dbID5384,text,e554_e_leistung_des_HD_gegenueber_dem_tier_und_aussprechen_der_dankbarkeit, 
300_554_650A kat_dbID5384,text,e300_q_von_der_begegnung_mit_dem_vogel_bis_zum_ende_des_fluges, 
300_554_650A kat_dbID5384,text,e650A_m_nach_der_erfuellung_der_letzte_aufgabe_bis_zum_ende_der_geschichte, 
300_UNDF_ID42,text,eUNDF_a_, 
Ge_300_UNDF_ID42,text,eUNDF_a_, 
Ge_300_UNDF kat_dbID42,text,e300_c_anfangssituation_ankunft_und_erkundigung_der_not, 
300_UNDF kat_dbID42,text,e300_e_vorfeld_des_kampfes_bis_zum_sieg, 
300_UNDF kat_dbID42,text,e300_g_nach_dem_sieg_bis_zur_trennung_des_HD_und_des_OB, 
300_UNDF kat_dbID42,text,e300_k_misshandlung_des_FH_bis_zur_hochzeitstag, 
300_UNDF kat_dbID42,text,e300_o_auftritt_des_HD_vor_dem_AG_bis_zur_erkennung_seiner_heldentat, 
300_UNDF kat_dbID42,text,eUNDF_a_, 
